{
  "probe": {
    "frequency": 1.2284432913350543,
    "lambda_um": 0.8140383907450987,
    "Q": 53.276250613839785,
    "reflectance": {
      "lambda_um": 0.8158611300204218,
      "R": 0.027269900568424002
    }
  },
  "pump1": {
    "frequency": 0.6753504903272857,
    "lambda_um": 1.480712628957127,
    "Q": 99.39736691127118,
    "reflectance": {
      "lambda_um": 1.481000926784059,
      "R": 0.013966964306131716
    }
  },
  "pump2": {
    "frequency": 0.6008659929828779,
    "lambda_um": 1.6642645975614327,
    "Q": 74.85636623533652,
    "reflectance": {
      "lambda_um": 1.6645833333333329,
      "R": 0.0045605914159323815
    }
  },
  "sidebands": {
    "frequency_plus": 1.3029277886794621,
    "frequency_minus": 1.1539587939906464,
    "delta_frequency": 0.07448449734440776,
    "pump_separation_um": 0.18358240654927394
  }
}