{
  "probe": {
    "frequency": 1.2403097303651414,
    "lambda_um": 0.8062502256638789,
    "Q": 89.17985395685068,
    "reflectance": {
      "lambda_um": 0.8062563067608475,
      "R": 2.8047879338729704e-05
    }
  },
  "pump1": {
    "frequency": 0.7175636211931583,
    "lambda_um": 1.3936046511627904,
    "Q": NaN,
    "reflectance": {
      "lambda_um": 1.3936046511627904,
      "R": 0.0710384203176948
    },
    "note": "no_harminv_mode_found"
  },
  "pump2": {
    "frequency": 0.6535005748886193,
    "lambda_um": 1.5302205360269758,
    "Q": 73.0798224935235,
    "reflectance": {
      "lambda_um": 1.5306513409961682,
      "R": 0.07446591134166676
    }
  },
  "sidebands": {
    "frequency_plus": 1.3043727766696804,
    "frequency_minus": 1.1762466840606023,
    "delta_frequency": 0.06406304630453896,
    "pump_separation_um": 0.13704668983337776
  }
}