{
  "probe": {
    "frequency": 1.2471657670837772,
    "lambda_um": 0.8018180312455817,
    "Q": 63.88304789858774,
    "reflectance": {
      "lambda_um": 0.802477402075661,
      "R": 0.001524526955172026
    }
  },
  "pump1": {
    "frequency": 0.7590316367077083,
    "lambda_um": 1.3174681418254044,
    "Q": 51.513291811597966,
    "reflectance": {
      "lambda_um": 1.3184818481848182,
      "R": 0.011555641004516923
    }
  },
  "pump2": {
    "frequency": 0.545264914476429,
    "lambda_um": 1.8339709257842383,
    "Q": NaN,
    "reflectance": {
      "lambda_um": 1.8339709257842383,
      "R": 0.05131196107486972
    },
    "note": "no_harminv_mode_found"
  },
  "sidebands": {
    "frequency_plus": 1.4609324893150566,
    "frequency_minus": 1.033399044852498,
    "delta_frequency": 0.21376672223127935,
    "pump_separation_um": 0.5154890775994201
  }
}