{
  "probe": {
    "frequency": 1.2522768883437394,
    "lambda_um": 0.7985454409548349,
    "Q": 122.29048825505257,
    "reflectance": {
      "lambda_um": 0.7987337554148615,
      "R": 0.005484554539358799
    }
  },
  "pump1": {
    "frequency": 0.6576971214017524,
    "lambda_um": 1.5204567078972402,
    "Q": NaN,
    "reflectance": {
      "lambda_um": 1.5204567078972402,
      "R": 0.012764237664001303
    },
    "note": "no_harminv_mode_found"
  },
  "pump2": {
    "frequency": 0.5613266583229037,
    "lambda_um": 1.7814938684503898,
    "Q": NaN,
    "reflectance": {
      "lambda_um": 1.7814938684503898,
      "R": 0.019490432648292776
    },
    "note": "no_harminv_mode_found"
  },
  "sidebands": {
    "frequency_plus": 1.348647351422588,
    "frequency_minus": 1.1559064252648907,
    "delta_frequency": 0.09637046307884867,
    "pump_separation_um": 0.2610371605531496
  }
}