{
  "probe": {
    "frequency": 1.2471657670837772,
    "lambda_um": 0.8018180312455817,
    "Q": 63.88304789858774,
    "reflectance": {
      "lambda_um": 0.802477402075661,
      "R": 0.001524526955172026
    }
  },
  "pump1": {
    "frequency": 0.6873209306660653,
    "lambda_um": 1.4549244106838495,
    "Q": 91.46301045256729,
    "reflectance": {
      "lambda_um": 1.455815365927725,
      "R": 0.015520494240457247
    }
  },
  "pump2": {
    "frequency": 0.6127424105584274,
    "lambda_um": 1.6320071579322255,
    "Q": 59.60061620631723,
    "reflectance": {
      "lambda_um": 1.6328337874659398,
      "R": 0.02438672815764688
    }
  },
  "sidebands": {
    "frequency_plus": 1.3217442871914151,
    "frequency_minus": 1.1725872469761394,
    "delta_frequency": 0.07457852010763788,
    "pump_separation_um": 0.17701842153821468
  }
}