{
  "best_theta": {
    "t_SiN_um": 0.1646691195140229,
    "t_SiO2_um": 0.29464127867491874,
    "L_cav_um": 2.4984451399214582,
    "cell_margin_um": 0.0026460077033479325,
    "N_per": 3
  },
  "score": 18.358679393981596,
  "R_targets": {
    "800nm": 0.11167756910788526,
    "1550nm": 0.9444682628800234,
    "1650nm": 0.5880257521130311
  },
  "sim": {
    "resolution_px_per_um": 100,
    "dpml_um": 1.0,
    "pad_air_um": 0.8,
    "pad_sub_um": 3.0,
    "cell_z_um": 11.056953536758456
  },
  "files": {
    "geometry_json": "optimized_geometry.json",
    "plot_png": "reflectance_plot.png"
  },
  "notes": "Mirror+cavity optimization with modal (Harminv) and reflectance constraints. Reflectance via incident-field subtraction (get_flux_data / load_minus_flux_data)."
}